City,Vegetable,Price_per_kg,Transport_Cost,Date
Karachi,Spinach,470.2,36.78,2024-07-26
Hyderabad,Potato,190.62,47.37,2024-08-12
Mumbai,Onion,87.28,46.74,2024-08-03
Karachi,Tomato,310.42,10.96,2024-08-15
Mumbai,Tomato,372.17,39.46,2024-08-24
Karachi,Spinach,82.48,5.16,2024-08-04
Karachi,Tomato,174.96,49.31,2024-08-11
Mumbai,Spinach,213.87,32.62,2024-07-28
Karachi,Spinach,241.81,24.81,2024-08-10
Karachi,Spinach,496.32,22.93,2024-07-27
Delhi,Spinach,133.08,41.94,2024-08-01
Delhi,Potato,455.53,21.05,2024-08-22
Chennai,Potato,203.68,16.46,2024-08-07
Hyderabad,Tomato,282.69,12.48,2024-07-29
Chennai,Onion,359.22,29.54,2024-08-08
Chennai,Potato,440.82,48.93,2024-08-07
Hyderabad,Carrot,181.28,20.5,2024-08-20
Chennai,Tomato,358.14,13.63,2024-07-27
Chennai,Onion,472.86,14.18,2024-08-07
Delhi,Potato,383.84,34.65,2024-08-08
Mumbai,Spinach,135.64,17.51,2024-08-09
Chennai,Spinach,428.02,28.69,2024-08-05
Chennai,Spinach,267.66,10.33,2024-08-18
Chennai,Carrot,283.29,32.66,2024-08-14
Chennai,Onion,216.62,18.34,2024-07-26
Mumbai,Tomato,84.98,11.69,2024-08-11
Chennai,Onion,398.59,10.04,2024-08-16
Hyderabad,Onion,473.25,32.18,2024-08-16
Karachi,Potato,61.28,34.41,2024-07-25
Hyderabad,Spinach,381.27,43.8,2024-08-07
Karachi,Tomato,479.13,46.79,2024-07-26
Chennai,Tomato,425.48,14.6,2024-08-13
Mumbai,Onion,275.31,45.77,2024-07-25
Mumbai,Onion,267.62,43.12,2024-08-06
Chennai,Potato,482.52,21.82,2024-08-15
Mumbai,Carrot,262.55,6.97,2024-08-04
Hyderabad,Onion,396.25,13.08,2024-08-05
Delhi,Onion,446.83,20.17,2024-08-18
Hyderabad,Potato,107.87,38.09,2024-08-13
Chennai,Potato,448.71,32.55,2024-07-27
Delhi,Onion,84.4,10.18,2024-08-03
Karachi,Tomato,139.23,19.0,2024-08-09
Karachi,Spinach,400.63,14.03,2024-08-09
Delhi,Onion,303.22,7.78,2024-08-24
Hyderabad,Tomato,214.24,12.71,2024-07-25
Hyderabad,Potato,150.28,31.51,2024-08-01
Chennai,Onion,67.89,25.79,2024-08-23
Chennai,Tomato,144.62,17.46,2024-08-06
Hyderabad,Carrot,214.84,35.38,2024-08-14
Delhi,Spinach,383.8,25.4,2024-08-14
Chennai,Tomato,352.76,38.83,2024-08-23
Mumbai,Tomato,322.45,25.43,2024-07-28
Chennai,Onion,155.08,34.44,2024-08-01
Hyderabad,Spinach,334.52,12.87,2024-07-25
Delhi,Potato,131.44,30.03,2024-08-20
Hyderabad,Potato,222.38,13.6,2024-08-02
Chennai,Potato,121.55,15.11,2024-08-12
Delhi,Potato,255.0,33.24,2024-07-25
Hyderabad,Onion,484.68,5.15,2024-07-30
Hyderabad,Potato,237.97,48.9,2024-08-22
Chennai,Onion,257.21,22.65,2024-08-22
Karachi,Onion,264.28,40.52,2024-07-29
Mumbai,Tomato,249.8,36.57,2024-08-20
Hyderabad,Potato,295.37,47.99,2024-08-17
Chennai,Potato,313.51,23.5,2024-07-26
Delhi,Spinach,316.41,37.35,2024-08-21
Chennai,Onion,331.03,6.96,2024-08-16
Karachi,Spinach,92.29,10.64,2024-08-11
Delhi,Onion,362.7,32.11,2024-07-27
Karachi,Spinach,203.78,20.93,2024-08-21
Mumbai,Potato,268.45,23.59,2024-08-23
Delhi,Potato,365.85,8.11,2024-07-26
Karachi,Tomato,348.78,37.29,2024-08-15
Hyderabad,Tomato,413.56,24.74,2024-08-06
Mumbai,Onion,366.0,20.61,2024-08-06
Chennai,Tomato,119.9,42.63,2024-08-19
Delhi,Spinach,410.51,28.84,2024-07-30
Delhi,Onion,180.79,46.45,2024-08-08
Chennai,Spinach,333.56,29.59,2024-08-13
Hyderabad,Carrot,143.79,24.51,2024-08-14
Mumbai,Onion,423.35,20.65,2024-08-17
Chennai,Spinach,192.48,36.22,2024-08-21
Delhi,Carrot,411.23,27.52,2024-07-27
Mumbai,Tomato,81.75,37.16,2024-08-17
Chennai,Carrot,124.49,15.61,2024-07-30
Chennai,Carrot,439.76,18.41,2024-07-30
Karachi,Carrot,78.44,34.4,2024-08-10
Hyderabad,Tomato,416.6,46.46,2024-08-09
Chennai,Tomato,367.88,49.74,2024-08-02
Delhi,Spinach,255.23,48.98,2024-08-16
Karachi,Potato,236.5,18.98,2024-08-21
Karachi,Potato,95.59,10.3,2024-08-15
Karachi,Spinach,491.4,26.96,2024-08-18
Hyderabad,Potato,305.95,38.39,2024-08-02
Hyderabad,Tomato,87.19,44.2,2024-08-12
Mumbai,Spinach,154.78,38.98,2024-07-29
Mumbai,Potato,398.37,11.9,2024-08-24
Hyderabad,Onion,412.4,13.98,2024-07-30
Mumbai,Carrot,173.51,22.47,2024-08-09
Delhi,Tomato,398.59,32.9,2024-08-20
Mumbai,Onion,369.17,19.17,2024-07-27
Chennai,Onion,429.24,38.87,2024-08-18
Hyderabad,Carrot,476.76,13.2,2024-08-12
Delhi,Tomato,112.39,11.07,2024-07-30
Mumbai,Spinach,251.07,27.27,2024-08-23
Hyderabad,Tomato,403.92,5.74,2024-08-23
Hyderabad,Onion,316.22,7.46,2024-08-24
Hyderabad,Carrot,207.66,38.81,2024-08-18
Mumbai,Carrot,132.36,20.74,2024-08-19
Mumbai,Spinach,155.16,37.14,2024-08-21
Delhi,Potato,121.73,8.6,2024-08-14
Delhi,Onion,396.85,40.37,2024-08-16
Hyderabad,Carrot,242.83,27.17,2024-08-16
Hyderabad,Onion,80.5,30.98,2024-08-20
Karachi,Carrot,68.68,7.35,2024-08-16
Delhi,Spinach,422.66,31.27,2024-08-14
Delhi,Potato,322.97,39.16,2024-08-08
Mumbai,Tomato,379.74,10.47,2024-08-21
Hyderabad,Potato,490.49,36.92,2024-08-05
Hyderabad,Tomato,387.95,42.49,2024-08-03
Chennai,Spinach,114.41,13.72,2024-07-29
Hyderabad,Spinach,289.65,22.34,2024-08-09
Karachi,Onion,307.69,12.37,2024-08-15
Karachi,Potato,150.56,12.54,2024-07-25
Mumbai,Onion,232.91,19.95,2024-08-09
Karachi,Carrot,450.46,36.55,2024-08-10
Karachi,Carrot,379.33,47.43,2024-08-15
Chennai,Potato,141.39,31.31,2024-08-24
Hyderabad,Spinach,408.67,33.28,2024-07-25
Chennai,Carrot,157.58,20.41,2024-08-02
Delhi,Onion,146.6,14.74,2024-07-27
Chennai,Carrot,259.78,30.09,2024-08-16
Delhi,Spinach,71.98,20.05,2024-07-27
Mumbai,Onion,332.89,6.06,2024-07-27
Delhi,Carrot,88.97,44.28,2024-08-23
Delhi,Spinach,292.29,22.31,2024-07-27
Mumbai,Spinach,418.6,37.64,2024-08-10
Chennai,Potato,374.32,14.88,2024-08-02
Karachi,Carrot,494.31,12.58,2024-08-19
Karachi,Carrot,301.0,17.81,2024-08-07
Karachi,Onion,174.86,33.81,2024-07-30
Delhi,Potato,397.77,5.63,2024-08-22
Delhi,Tomato,301.98,36.21,2024-08-23
Karachi,Onion,290.25,14.43,2024-08-09
Chennai,Carrot,275.6,5.76,2024-08-22
Hyderabad,Potato,149.19,46.87,2024-07-28
Delhi,Tomato,106.48,19.11,2024-08-19
Karachi,Carrot,70.09,19.85,2024-08-13
Delhi,Tomato,368.77,18.87,2024-08-11
Karachi,Potato,105.12,49.06,2024-08-13
Delhi,Tomato,296.34,28.79,2024-08-09
Karachi,Tomato,106.05,7.33,2024-07-30
Delhi,Potato,61.27,19.59,2024-08-03
Karachi,Carrot,479.03,15.87,2024-08-08
Delhi,Tomato,98.75,41.35,2024-08-16
Hyderabad,Onion,381.02,18.08,2024-08-02
Karachi,Spinach,392.21,25.16,2024-08-01
Delhi,Carrot,201.45,27.14,2024-07-29
Delhi,Carrot,453.4,10.42,2024-08-04
Karachi,Onion,162.8,45.73,2024-08-10
Chennai,Carrot,406.41,43.14,2024-07-27
Hyderabad,Carrot,164.42,29.58,2024-07-29
Delhi,Tomato,390.85,46.19,2024-07-27
Delhi,Carrot,346.8,31.97,2024-08-03
Delhi,Spinach,484.81,47.37,2024-07-30
Mumbai,Spinach,387.28,11.28,2024-08-24
Karachi,Carrot,325.47,29.42,2024-08-06
Chennai,Potato,444.6,27.81,2024-08-08
Hyderabad,Carrot,161.5,34.59,2024-07-27
Delhi,Potato,59.19,31.18,2024-07-27
Hyderabad,Spinach,480.61,19.58,2024-07-29
Karachi,Onion,306.95,42.07,2024-08-01
Chennai,Tomato,344.17,10.23,2024-08-23
Hyderabad,Tomato,402.81,45.4,2024-08-20
Karachi,Potato,243.89,42.91,2024-07-27
Mumbai,Tomato,278.41,31.56,2024-08-15
Chennai,Potato,175.33,21.28,2024-07-27
Chennai,Carrot,381.83,11.07,2024-07-28
Mumbai,Potato,433.54,47.54,2024-08-10
Hyderabad,Onion,141.87,43.08,2024-07-27
Chennai,Tomato,404.09,32.09,2024-08-09
Karachi,Tomato,395.72,33.49,2024-08-10
Hyderabad,Carrot,94.23,38.43,2024-08-18
Karachi,Spinach,421.61,23.81,2024-08-18
Karachi,Carrot,290.58,41.4,2024-08-10
Delhi,Spinach,256.69,9.21,2024-08-12
Delhi,Onion,183.12,36.06,2024-08-02
Karachi,Potato,337.94,29.8,2024-07-29
Karachi,Potato,234.52,30.48,2024-08-23
Karachi,Tomato,160.94,20.67,2024-07-29
Mumbai,Tomato,176.13,36.56,2024-08-24
Chennai,Onion,222.09,46.99,2024-08-19
Mumbai,Carrot,346.97,37.17,2024-08-14
Mumbai,Spinach,84.91,48.62,2024-08-10
Mumbai,Potato,471.8,18.67,2024-08-07
Karachi,Tomato,356.87,31.04,2024-08-05
Delhi,Onion,242.64,49.34,2024-08-11
Karachi,Potato,428.61,35.58,2024-07-25
Mumbai,Onion,237.86,43.73,2024-08-10
Delhi,Spinach,131.11,7.53,2024-07-28
Karachi,Carrot,433.23,44.35,2024-08-05
Mumbai,Potato,211.55,5.97,2024-07-27
Chennai,Spinach,222.82,12.7,2024-08-23
Karachi,Carrot,59.3,44.86,2024-08-22
Karachi,Tomato,478.23,21.34,2024-08-14
Hyderabad,Spinach,198.05,7.91,2024-08-24
Chennai,Onion,111.97,49.73,2024-08-18
Delhi,Tomato,175.05,42.95,2024-08-18
Karachi,Onion,439.33,15.75,2024-08-07
Hyderabad,Tomato,140.4,29.1,2024-08-09
Hyderabad,Tomato,338.96,37.92,2024-07-27
Delhi,Spinach,286.95,20.19,2024-08-14
Delhi,Carrot,236.33,32.48,2024-08-18
Hyderabad,Tomato,454.0,48.46,2024-08-22
Delhi,Onion,134.37,49.42,2024-08-17
Delhi,Carrot,487.19,11.5,2024-08-02
Mumbai,Tomato,482.28,26.57,2024-08-14
Mumbai,Spinach,119.07,5.54,2024-08-17
Hyderabad,Tomato,442.38,35.0,2024-08-05
Chennai,Tomato,349.1,16.22,2024-08-04
Delhi,Tomato,308.11,45.54,2024-08-03
Mumbai,Potato,152.44,35.89,2024-07-30
Delhi,Spinach,315.82,33.82,2024-08-21
Karachi,Tomato,155.46,38.4,2024-08-24
Mumbai,Spinach,288.31,26.83,2024-07-25
Karachi,Tomato,458.46,45.76,2024-08-10
Karachi,Tomato,432.05,17.14,2024-08-05
Karachi,Onion,224.49,22.32,2024-07-31
Mumbai,Carrot,334.05,16.31,2024-08-21
Hyderabad,Onion,170.46,34.63,2024-08-09
Mumbai,Onion,116.98,35.56,2024-08-09
Hyderabad,Carrot,322.22,36.68,2024-07-30
Delhi,Tomato,379.55,5.75,2024-08-01
Mumbai,Potato,116.47,42.79,2024-08-23
Delhi,Potato,449.21,15.26,2024-08-16
Chennai,Tomato,239.5,12.61,2024-08-09
Mumbai,Spinach,414.53,13.9,2024-08-12
Chennai,Potato,55.94,43.08,2024-07-30
Hyderabad,Carrot,376.51,39.14,2024-07-25
Hyderabad,Onion,305.14,19.77,2024-08-10
Karachi,Potato,76.03,38.19,2024-08-05
Delhi,Spinach,384.71,6.0,2024-08-08
Hyderabad,Onion,202.33,36.22,2024-07-29
Hyderabad,Tomato,381.6,36.0,2024-07-29
Delhi,Spinach,62.97,9.1,2024-08-02
Karachi,Carrot,281.19,48.68,2024-08-13
Hyderabad,Potato,216.15,10.77,2024-08-10
Hyderabad,Potato,158.22,31.72,2024-08-24
Hyderabad,Tomato,430.8,30.0,2024-08-11
Hyderabad,Tomato,244.05,26.52,2024-08-09
Chennai,Onion,303.59,28.12,2024-08-10
Delhi,Tomato,163.9,13.82,2024-08-02
Chennai,Potato,480.62,9.65,2024-08-16
Hyderabad,Onion,484.91,30.48,2024-08-17
Chennai,Spinach,476.39,25.89,2024-08-22
Hyderabad,Onion,461.77,29.18,2024-08-18
Chennai,Potato,467.09,6.85,2024-08-13
Karachi,Tomato,418.48,31.79,2024-08-19
Mumbai,Carrot,150.39,7.85,2024-08-05
Karachi,Carrot,189.89,6.89,2024-07-27
Karachi,Spinach,379.5,43.43,2024-08-10
Hyderabad,Onion,74.56,25.27,2024-07-29
Mumbai,Tomato,340.09,17.15,2024-07-29
Mumbai,Tomato,411.88,36.28,2024-07-28
Mumbai,Tomato,474.53,49.67,2024-08-19
Mumbai,Carrot,418.94,18.15,2024-08-19
Delhi,Carrot,262.46,39.98,2024-07-26
Mumbai,Onion,251.8,45.9,2024-08-21
Chennai,Spinach,181.44,33.03,2024-08-24
Mumbai,Tomato,469.17,36.61,2024-08-24
Hyderabad,Carrot,213.92,36.29,2024-08-14
Hyderabad,Carrot,459.21,23.1,2024-08-15
Chennai,Tomato,482.5,32.29,2024-08-01
Chennai,Potato,135.27,26.01,2024-08-11
Hyderabad,Carrot,485.27,49.1,2024-08-21
Hyderabad,Onion,100.64,42.04,2024-08-14
Hyderabad,Carrot,380.73,40.33,2024-08-10
Hyderabad,Carrot,306.76,32.25,2024-08-13
Mumbai,Tomato,399.74,29.03,2024-08-19
Mumbai,Potato,290.48,13.13,2024-08-16
Mumbai,Spinach,172.57,28.56,2024-08-16
Karachi,Carrot,188.73,5.26,2024-08-09
Hyderabad,Potato,165.66,20.05,2024-07-25
Karachi,Tomato,136.89,28.3,2024-08-03
Karachi,Carrot,348.04,45.65,2024-08-09
Karachi,Spinach,480.41,30.95,2024-08-05
Chennai,Potato,397.0,45.14,2024-08-23
Hyderabad,Spinach,389.02,9.86,2024-07-26
Chennai,Potato,465.6,13.09,2024-08-20
Mumbai,Spinach,494.38,30.84,2024-07-30
Delhi,Onion,270.16,18.89,2024-08-01
Mumbai,Spinach,180.83,39.22,2024-08-17
Chennai,Carrot,124.27,29.57,2024-08-11
Mumbai,Tomato,297.52,45.69,2024-08-23
Chennai,Carrot,304.41,16.8,2024-07-27
Delhi,Carrot,249.59,24.13,2024-08-19
Karachi,Carrot,233.91,45.01,2024-08-03
Hyderabad,Carrot,446.4,20.78,2024-08-06
Delhi,Potato,382.29,12.21,2024-08-03
Delhi,Spinach,56.54,19.82,2024-08-24
Karachi,Potato,62.89,42.15,2024-07-25
Chennai,Spinach,309.69,38.5,2024-08-22
Mumbai,Spinach,83.1,11.59,2024-08-02
Hyderabad,Potato,408.66,6.78,2024-08-06
Mumbai,Tomato,270.15,13.02,2024-07-26
Hyderabad,Tomato,126.81,10.93,2024-08-16
Chennai,Tomato,260.09,42.77,2024-08-17
Delhi,Potato,274.54,20.15,2024-07-29
Hyderabad,Spinach,265.95,38.03,2024-08-19
Chennai,Potato,393.53,35.65,2024-08-10
Mumbai,Onion,452.21,44.67,2024-08-21
Delhi,Potato,308.6,7.74,2024-08-23
Hyderabad,Potato,89.02,38.78,2024-07-25
Karachi,Onion,313.59,32.82,2024-08-07
Hyderabad,Spinach,190.81,17.15,2024-08-23
Delhi,Potato,434.33,48.91,2024-08-15
Karachi,Spinach,285.05,42.95,2024-08-16
Mumbai,Onion,317.16,46.15,2024-07-28
Karachi,Onion,89.61,48.57,2024-07-29
Mumbai,Tomato,221.36,48.68,2024-08-22
Hyderabad,Tomato,188.72,16.97,2024-07-26
Mumbai,Tomato,331.63,30.08,2024-08-04
Hyderabad,Tomato,76.47,19.2,2024-08-14
Delhi,Spinach,73.9,11.06,2024-08-07
Hyderabad,Spinach,452.83,26.26,2024-07-31
Hyderabad,Carrot,298.01,36.54,2024-08-08
Mumbai,Onion,56.85,25.45,2024-08-01
Hyderabad,Carrot,217.43,32.04,2024-07-29
Mumbai,Spinach,146.15,10.17,2024-08-01
Karachi,Tomato,308.36,9.84,2024-08-22
Delhi,Carrot,439.94,21.96,2024-08-10
Mumbai,Potato,94.07,6.43,2024-08-09
Mumbai,Tomato,190.21,9.4,2024-08-07
Mumbai,Onion,119.35,13.34,2024-07-28
Karachi,Carrot,88.53,34.5,2024-08-10
Karachi,Carrot,487.44,43.83,2024-07-28
Mumbai,Onion,404.07,7.98,2024-07-27
Mumbai,Tomato,273.75,27.0,2024-08-13
Karachi,Spinach,257.72,19.13,2024-08-16
Mumbai,Potato,96.69,27.53,2024-08-18
Mumbai,Carrot,169.13,33.29,2024-08-17
Hyderabad,Onion,129.45,33.66,2024-08-20
Hyderabad,Tomato,156.32,31.86,2024-08-21
Karachi,Onion,295.43,41.72,2024-07-27
Mumbai,Tomato,248.17,35.9,2024-08-22
Karachi,Potato,372.72,7.97,2024-08-17
Delhi,Tomato,282.95,24.64,2024-08-09
Chennai,Carrot,64.62,9.24,2024-08-17
Hyderabad,Onion,385.57,37.22,2024-08-21
Chennai,Onion,128.03,26.56,2024-08-13
Chennai,Potato,419.62,36.43,2024-08-15
Karachi,Potato,174.39,24.55,2024-08-17
Chennai,Carrot,361.43,41.98,2024-08-06
Delhi,Carrot,121.19,27.59,2024-08-18
Chennai,Onion,259.63,35.04,2024-08-14
Mumbai,Spinach,140.46,37.87,2024-08-10
Chennai,Tomato,436.91,34.05,2024-08-02
Chennai,Potato,260.73,7.05,2024-07-28
Hyderabad,Carrot,220.86,19.43,2024-08-07
Chennai,Carrot,107.29,49.8,2024-08-18
Chennai,Onion,477.2,35.61,2024-08-19
Hyderabad,Carrot,324.48,19.34,2024-07-26
Mumbai,Potato,50.26,33.93,2024-08-20
Karachi,Carrot,321.65,13.55,2024-08-21
Delhi,Spinach,283.49,45.48,2024-07-31
Hyderabad,Spinach,201.76,21.1,2024-08-04
Chennai,Tomato,130.84,18.46,2024-08-02
Mumbai,Potato,343.95,6.58,2024-08-18
Delhi,Onion,119.77,20.26,2024-07-31
Karachi,Carrot,149.74,36.02,2024-08-24
Hyderabad,Tomato,207.24,11.13,2024-08-16
Mumbai,Tomato,409.03,35.91,2024-08-01
Hyderabad,Potato,403.06,44.86,2024-08-11
Chennai,Spinach,57.48,18.89,2024-08-05
Delhi,Potato,133.15,40.37,2024-07-31
Chennai,Onion,286.9,45.17,2024-08-20
Karachi,Onion,184.47,32.8,2024-07-28
Hyderabad,Onion,86.43,20.28,2024-08-08
Hyderabad,Carrot,255.79,20.45,2024-08-21
Karachi,Potato,265.75,18.89,2024-08-21
Karachi,Onion,295.06,18.66,2024-08-19
Mumbai,Onion,286.67,7.17,2024-07-26
Hyderabad,Potato,151.41,8.85,2024-08-08
Hyderabad,Onion,278.72,18.78,2024-08-05
Hyderabad,Tomato,329.38,39.57,2024-08-08
Chennai,Potato,411.18,49.02,2024-07-26
Mumbai,Spinach,350.96,45.55,2024-07-25
Hyderabad,Spinach,209.68,20.06,2024-07-26
Mumbai,Onion,82.72,44.41,2024-07-29
Delhi,Tomato,245.88,48.29,2024-08-13
Karachi,Tomato,104.33,20.26,2024-08-02
Karachi,Carrot,192.27,9.03,2024-08-10
Chennai,Tomato,433.47,20.05,2024-08-22
Karachi,Onion,113.75,12.33,2024-08-14
Chennai,Potato,58.52,34.77,2024-08-02
Mumbai,Carrot,269.07,43.53,2024-08-22
Chennai,Potato,402.47,24.38,2024-08-17
Mumbai,Carrot,196.6,33.15,2024-08-12
Karachi,Carrot,473.12,42.38,2024-08-17
Chennai,Spinach,299.47,6.63,2024-07-31
Hyderabad,Tomato,381.07,31.08,2024-08-14
Karachi,Carrot,78.64,46.78,2024-07-26
Karachi,Potato,427.83,48.42,2024-07-27
Chennai,Carrot,72.65,13.0,2024-08-02
Chennai,Carrot,462.85,22.98,2024-08-08
Delhi,Onion,162.09,38.64,2024-08-18
Karachi,Tomato,436.32,24.71,2024-08-21
Hyderabad,Potato,386.03,40.04,2024-08-12
Karachi,Carrot,398.62,34.81,2024-08-14
Mumbai,Potato,443.21,19.21,2024-08-24
Delhi,Onion,102.59,33.44,2024-08-18
Hyderabad,Potato,439.99,18.39,2024-08-02
Mumbai,Potato,82.9,25.12,2024-07-30
Delhi,Spinach,227.46,47.49,2024-08-10
Chennai,Spinach,493.74,6.69,2024-08-05
Delhi,Onion,435.2,10.75,2024-07-25
Karachi,Onion,188.27,15.65,2024-08-06
Karachi,Tomato,299.21,7.86,2024-08-07
Karachi,Spinach,116.09,38.16,2024-07-27
Mumbai,Potato,348.46,19.49,2024-08-02
Karachi,Spinach,117.8,40.8,2024-08-24
Hyderabad,Carrot,194.7,16.42,2024-07-29
Chennai,Potato,355.7,13.04,2024-08-17
Hyderabad,Spinach,294.94,25.71,2024-08-02
Delhi,Carrot,440.47,30.38,2024-08-07
Mumbai,Onion,417.52,31.6,2024-08-03
Karachi,Carrot,421.34,13.82,2024-08-23
Delhi,Onion,88.98,47.42,2024-08-11
Hyderabad,Onion,223.58,49.2,2024-08-19
Karachi,Onion,479.59,21.86,2024-07-30
Chennai,Tomato,468.78,31.8,2024-08-13
Karachi,Spinach,495.61,37.22,2024-08-18
Delhi,Potato,176.14,10.59,2024-07-27
Delhi,Potato,147.79,29.1,2024-08-11
Karachi,Tomato,202.37,20.29,2024-08-18
Chennai,Carrot,358.54,31.55,2024-08-20
Hyderabad,Potato,179.47,44.99,2024-08-21
Delhi,Onion,249.12,33.7,2024-08-18
Hyderabad,Potato,130.23,9.8,2024-08-01
Chennai,Onion,411.66,15.95,2024-08-05
Karachi,Tomato,324.55,11.64,2024-08-14
Hyderabad,Tomato,344.6,17.96,2024-08-01
Delhi,Spinach,228.72,45.29,2024-08-05
Karachi,Tomato,272.03,48.02,2024-07-29
Karachi,Potato,68.29,46.53,2024-08-18
Delhi,Onion,443.9,31.08,2024-08-16
Karachi,Tomato,317.19,29.31,2024-07-29
Karachi,Onion,105.46,21.77,2024-08-12
Karachi,Onion,363.02,39.11,2024-08-07
Delhi,Spinach,123.47,34.38,2024-08-14
Hyderabad,Potato,147.4,14.65,2024-08-14
Chennai,Potato,94.95,44.83,2024-08-18
Delhi,Tomato,166.17,10.35,2024-08-08
Mumbai,Potato,241.89,11.57,2024-08-22
Chennai,Spinach,343.76,15.18,2024-07-30
Hyderabad,Potato,180.86,6.91,2024-07-30
Karachi,Onion,298.36,10.41,2024-08-13
Karachi,Onion,239.39,36.12,2024-08-02
Mumbai,Tomato,478.48,9.8,2024-08-11
Chennai,Spinach,302.2,15.61,2024-08-01
Delhi,Tomato,297.76,10.37,2024-07-28
Karachi,Tomato,328.17,41.99,2024-08-12
Delhi,Onion,198.48,6.93,2024-08-23
Hyderabad,Carrot,197.27,35.82,2024-07-25
Delhi,Carrot,106.01,16.29,2024-08-02
Chennai,Tomato,269.74,41.81,2024-07-31
Hyderabad,Potato,154.36,38.29,2024-08-11
Karachi,Onion,395.37,13.69,2024-08-18
Karachi,Onion,239.58,9.8,2024-08-18
Mumbai,Tomato,341.0,12.04,2024-08-24
Hyderabad,Tomato,366.61,49.62,2024-07-27
Mumbai,Tomato,85.48,10.43,2024-08-05
Mumbai,Tomato,206.9,8.52,2024-07-28
Mumbai,Carrot,326.09,42.11,2024-08-04
Karachi,Potato,482.04,34.17,2024-08-15
Delhi,Spinach,302.59,10.14,2024-07-30
Mumbai,Potato,357.29,37.29,2024-07-25
Hyderabad,Spinach,337.8,25.78,2024-08-21
Delhi,Onion,297.37,19.98,2024-08-01
Hyderabad,Onion,188.3,46.47,2024-08-17
Hyderabad,Onion,310.55,24.85,2024-08-18
Mumbai,Potato,331.23,17.8,2024-07-27
Hyderabad,Tomato,130.0,9.9,2024-08-11
Chennai,Tomato,251.37,23.2,2024-07-27
Delhi,Spinach,386.08,8.53,2024-07-29
Delhi,Carrot,125.16,27.05,2024-08-14
Chennai,Onion,368.25,18.3,2024-08-03
Delhi,Spinach,353.72,32.67,2024-08-24
Mumbai,Spinach,373.04,38.8,2024-08-08
Karachi,Onion,180.33,17.77,2024-07-31
Karachi,Spinach,387.05,39.74,2024-08-03
Chennai,Spinach,382.17,44.6,2024-08-10
Delhi,Spinach,470.34,5.99,2024-07-31
Chennai,Potato,397.79,15.83,2024-08-11
Hyderabad,Onion,150.1,31.33,2024-08-13
Hyderabad,Potato,263.18,35.61,2024-08-16
Hyderabad,Onion,301.4,14.71,2024-08-17
Hyderabad,Onion,407.04,13.47,2024-08-13
Delhi,Onion,289.9,22.62,2024-08-19
Hyderabad,Potato,191.94,40.54,2024-08-08
Chennai,Spinach,336.88,45.8,2024-08-06
Chennai,Tomato,398.22,27.01,2024-08-19
Mumbai,Tomato,307.71,33.47,2024-08-21
Delhi,Spinach,128.83,13.89,2024-08-22
Chennai,Spinach,447.65,33.98,2024-08-08
Chennai,Carrot,136.38,19.76,2024-07-25
Karachi,Spinach,89.79,9.45,2024-08-15
Chennai,Onion,144.14,40.55,2024-07-30
Hyderabad,Tomato,357.68,41.46,2024-08-23
Delhi,Tomato,220.69,13.36,2024-08-11
Chennai,Carrot,433.0,31.32,2024-08-11
Karachi,Tomato,435.08,41.71,2024-08-11
Delhi,Carrot,468.75,19.18,2024-08-19
Karachi,Potato,119.69,47.82,2024-08-01
Hyderabad,Tomato,156.15,43.54,2024-08-04
Chennai,Potato,141.94,31.69,2024-08-18
Delhi,Spinach,231.1,6.38,2024-08-17
Chennai,Tomato,309.96,30.95,2024-08-02
Karachi,Carrot,198.58,16.77,2024-08-04
Delhi,Carrot,96.07,27.96,2024-08-02
Hyderabad,Potato,91.86,47.34,2024-08-24
Chennai,Potato,376.99,27.3,2024-08-11
Chennai,Carrot,441.55,48.73,2024-08-05
Karachi,Spinach,400.74,6.47,2024-08-20
Karachi,Spinach,315.87,11.64,2024-08-22
Chennai,Carrot,178.5,17.96,2024-08-18
Karachi,Tomato,188.86,5.66,2024-07-26
Karachi,Potato,167.72,45.96,2024-08-18
Karachi,Spinach,265.42,29.99,2024-07-30
Mumbai,Potato,140.9,14.96,2024-08-19
Hyderabad,Carrot,401.77,22.72,2024-07-26
Karachi,Carrot,373.1,11.79,2024-08-05
Mumbai,Potato,164.72,36.37,2024-08-15
Mumbai,Onion,91.19,39.81,2024-08-23
Delhi,Carrot,355.58,8.51,2024-08-16
Chennai,Carrot,104.7,48.54,2024-08-14
Delhi,Potato,106.56,19.28,2024-07-27
Delhi,Carrot,360.01,32.91,2024-08-12
Karachi,Onion,88.97,35.21,2024-08-14
Chennai,Onion,448.68,12.23,2024-08-17
Hyderabad,Tomato,477.44,5.58,2024-08-16
Delhi,Tomato,353.82,10.22,2024-08-24
Delhi,Carrot,330.37,18.09,2024-08-03
Mumbai,Carrot,327.55,25.44,2024-08-05
Chennai,Potato,174.84,47.13,2024-08-04
Delhi,Potato,56.17,46.68,2024-08-18
Chennai,Tomato,185.47,14.95,2024-08-07
Chennai,Spinach,332.38,24.71,2024-07-31
Mumbai,Potato,413.49,9.74,2024-08-03
Hyderabad,Onion,277.64,10.44,2024-08-10
Karachi,Tomato,224.57,14.32,2024-08-16
Mumbai,Onion,127.16,7.76,2024-08-21
Mumbai,Onion,345.11,9.66,2024-07-28
Hyderabad,Onion,178.57,10.95,2024-08-22
Chennai,Carrot,370.38,30.75,2024-08-07
Delhi,Carrot,246.39,18.54,2024-08-02
Hyderabad,Tomato,224.89,7.54,2024-08-18
Chennai,Tomato,226.08,20.89,2024-08-18
Karachi,Spinach,127.78,13.57,2024-08-19
Chennai,Tomato,418.28,13.78,2024-08-16
Mumbai,Onion,471.74,29.83,2024-08-21
Mumbai,Potato,120.63,18.55,2024-08-10
Karachi,Tomato,379.91,29.14,2024-08-02
Mumbai,Potato,217.92,43.76,2024-08-10
Karachi,Onion,281.11,41.26,2024-08-13
Delhi,Potato,244.98,34.29,2024-08-15
Karachi,Onion,79.05,9.65,2024-08-19
Chennai,Carrot,259.61,22.91,2024-08-04
Chennai,Onion,472.48,15.42,2024-08-23
Karachi,Carrot,421.31,45.84,2024-08-09
Karachi,Tomato,460.81,8.16,2024-08-05
Mumbai,Spinach,473.84,24.68,2024-08-01
Chennai,Tomato,499.86,30.82,2024-07-30
Mumbai,Onion,361.7,41.25,2024-08-24
Chennai,Spinach,109.98,35.67,2024-07-27
Hyderabad,Tomato,247.65,25.71,2024-07-30
Mumbai,Tomato,195.96,14.87,2024-08-10
Karachi,Tomato,444.57,11.89,2024-08-01
Hyderabad,Spinach,203.31,23.91,2024-08-08
Hyderabad,Potato,461.81,5.55,2024-08-18
Karachi,Potato,391.73,31.19,2024-07-29
Chennai,Spinach,183.31,14.38,2024-07-30
Karachi,Potato,359.41,17.94,2024-08-04
Karachi,Tomato,328.32,41.66,2024-07-30
Hyderabad,Onion,350.48,45.78,2024-08-12
Karachi,Onion,156.51,23.86,2024-08-13
Delhi,Carrot,453.84,29.58,2024-08-06
Hyderabad,Tomato,466.23,9.94,2024-08-17
Karachi,Spinach,90.83,29.4,2024-08-11
Delhi,Potato,168.45,31.32,2024-07-26
Delhi,Onion,381.25,18.82,2024-08-22
Delhi,Onion,111.52,35.94,2024-08-07
Hyderabad,Spinach,242.79,22.38,2024-08-11
Delhi,Onion,318.74,29.86,2024-08-19
Chennai,Tomato,369.71,48.38,2024-08-15
Hyderabad,Spinach,425.42,33.93,2024-07-27
Karachi,Spinach,240.14,8.83,2024-08-23
Chennai,Carrot,158.52,10.61,2024-08-17
Mumbai,Potato,244.46,28.17,2024-08-13
Delhi,Spinach,333.6,23.34,2024-08-07
Mumbai,Spinach,56.65,14.34,2024-08-13
Karachi,Potato,216.48,41.33,2024-08-07
Hyderabad,Tomato,470.36,22.66,2024-08-24
Delhi,Onion,235.39,34.89,2024-08-13
Karachi,Carrot,134.68,36.51,2024-07-28
Delhi,Spinach,211.79,42.19,2024-08-16
Hyderabad,Carrot,353.9,37.67,2024-08-07
Karachi,Onion,149.39,41.47,2024-07-31
Mumbai,Tomato,346.76,45.12,2024-08-11
Delhi,Spinach,375.92,5.4,2024-07-26
Hyderabad,Tomato,415.67,11.97,2024-08-24
Karachi,Carrot,354.15,18.82,2024-08-13
Chennai,Onion,349.67,22.58,2024-08-13
Delhi,Onion,257.38,21.31,2024-08-09
Chennai,Carrot,76.44,26.21,2024-07-30
Mumbai,Carrot,406.39,11.17,2024-08-20
Chennai,Carrot,321.73,40.4,2024-08-07
Delhi,Potato,462.82,28.08,2024-07-29
Mumbai,Onion,373.9,47.58,2024-08-02
Mumbai,Potato,64.21,41.32,2024-08-21
Mumbai,Tomato,493.77,44.82,2024-07-27
Chennai,Tomato,119.81,20.88,2024-08-03
Chennai,Onion,272.47,29.16,2024-08-01
Hyderabad,Tomato,59.75,31.98,2024-08-01
Delhi,Spinach,119.39,47.62,2024-08-14
Hyderabad,Carrot,392.74,32.19,2024-08-22
Delhi,Potato,358.96,30.6,2024-07-26
Hyderabad,Onion,89.82,9.45,2024-07-25
Mumbai,Carrot,59.78,14.09,2024-07-25
Delhi,Tomato,269.26,38.11,2024-08-15
Hyderabad,Tomato,133.91,28.74,2024-07-28
Mumbai,Carrot,360.43,20.58,2024-08-24
Karachi,Onion,258.84,18.33,2024-08-22
Hyderabad,Spinach,411.96,28.72,2024-08-22
Hyderabad,Tomato,200.62,39.92,2024-08-18
Karachi,Spinach,187.34,47.94,2024-08-14
Delhi,Carrot,247.67,36.81,2024-08-10
Chennai,Carrot,107.6,23.24,2024-07-27
Chennai,Spinach,279.19,27.97,2024-08-23
Chennai,Tomato,370.34,5.34,2024-08-24
Mumbai,Onion,232.42,26.78,2024-08-04
Mumbai,Onion,372.85,25.52,2024-08-17
Hyderabad,Spinach,315.75,45.68,2024-08-19
Hyderabad,Spinach,303.75,5.51,2024-08-23
Mumbai,Onion,488.71,22.7,2024-08-12
Karachi,Onion,272.77,23.93,2024-08-21
Chennai,Onion,286.56,32.24,2024-08-17
Mumbai,Potato,305.54,48.8,2024-08-18
Karachi,Onion,164.82,20.4,2024-07-30
Karachi,Onion,312.17,42.22,2024-08-16
Hyderabad,Carrot,128.77,7.1,2024-08-16
Hyderabad,Onion,269.94,40.36,2024-08-10
Hyderabad,Potato,458.31,38.14,2024-07-31
Delhi,Potato,211.55,15.93,2024-08-18
Delhi,Spinach,291.65,7.46,2024-08-06
Delhi,Potato,422.21,39.03,2024-08-23
Hyderabad,Onion,52.42,22.34,2024-08-05
Karachi,Onion,190.4,6.02,2024-08-20
Karachi,Carrot,376.11,9.34,2024-08-19
Chennai,Spinach,84.33,46.78,2024-07-25
Mumbai,Spinach,294.7,17.32,2024-08-01
Delhi,Spinach,295.46,23.93,2024-08-22
Delhi,Carrot,134.23,27.22,2024-07-25
Chennai,Carrot,377.66,20.58,2024-07-26
Karachi,Spinach,133.81,38.79,2024-07-25
Delhi,Potato,367.05,19.15,2024-08-03
Mumbai,Onion,331.49,37.4,2024-08-17
Delhi,Spinach,283.67,49.89,2024-07-31
Delhi,Tomato,133.34,38.25,2024-07-25
Chennai,Potato,80.64,47.0,2024-08-16
Mumbai,Carrot,158.88,36.61,2024-08-22
Delhi,Onion,185.44,20.29,2024-08-19
Delhi,Tomato,126.8,38.54,2024-08-02
Mumbai,Spinach,139.56,30.13,2024-08-23
Mumbai,Tomato,229.99,40.05,2024-07-29
Chennai,Onion,89.07,44.23,2024-08-10
Hyderabad,Potato,299.83,11.35,2024-08-15
Chennai,Spinach,412.88,30.85,2024-08-23
Chennai,Potato,465.98,26.04,2024-07-26
Chennai,Tomato,370.9,45.58,2024-08-07
Delhi,Onion,446.68,5.11,2024-07-29
Delhi,Potato,426.84,9.11,2024-07-29
Chennai,Spinach,131.92,16.05,2024-08-11
Karachi,Spinach,469.92,41.47,2024-08-01
Hyderabad,Carrot,169.55,29.41,2024-07-26
Mumbai,Tomato,369.61,8.16,2024-08-10
Hyderabad,Carrot,175.99,10.25,2024-07-27
Hyderabad,Potato,291.88,11.84,2024-08-11
Mumbai,Carrot,493.57,7.4,2024-08-19
Delhi,Spinach,363.1,34.76,2024-08-08
Mumbai,Carrot,232.84,45.78,2024-08-04
Mumbai,Spinach,210.42,43.7,2024-08-08
Mumbai,Spinach,171.35,29.25,2024-07-28
Karachi,Onion,391.89,7.42,2024-08-08
Hyderabad,Carrot,93.77,36.36,2024-07-30
Mumbai,Onion,101.45,49.43,2024-08-23
Chennai,Onion,358.87,42.25,2024-07-27
Chennai,Spinach,303.43,8.56,2024-08-20
Chennai,Tomato,369.97,7.71,2024-08-21
Karachi,Tomato,161.09,46.3,2024-07-27
Delhi,Onion,223.43,47.01,2024-08-04
Mumbai,Onion,351.66,35.7,2024-08-21
Mumbai,Tomato,148.96,45.29,2024-08-15
Delhi,Carrot,287.37,14.78,2024-07-25
Chennai,Carrot,182.02,47.99,2024-08-01
Mumbai,Tomato,243.8,46.73,2024-08-12
Karachi,Potato,452.07,43.23,2024-08-05
Chennai,Spinach,183.6,35.9,2024-07-25
Chennai,Onion,317.9,48.59,2024-08-23
Mumbai,Potato,390.15,32.5,2024-08-05
Chennai,Carrot,247.69,13.78,2024-08-15
Hyderabad,Carrot,396.8,31.88,2024-08-18
Hyderabad,Onion,95.91,30.89,2024-08-04
Karachi,Potato,321.59,41.03,2024-08-21
Karachi,Onion,119.5,46.09,2024-08-15
Delhi,Onion,253.78,23.51,2024-08-11
Karachi,Spinach,184.55,24.27,2024-08-13
Delhi,Tomato,188.7,42.47,2024-08-20
Karachi,Tomato,329.14,42.53,2024-07-26
Chennai,Tomato,170.61,10.03,2024-08-01
Karachi,Potato,422.32,43.83,2024-08-10
Chennai,Tomato,200.99,39.04,2024-08-15
Karachi,Onion,277.46,14.46,2024-08-06
Mumbai,Onion,221.89,14.66,2024-08-24
Chennai,Carrot,116.01,34.31,2024-08-03
Chennai,Spinach,386.78,48.16,2024-08-22
Hyderabad,Onion,368.48,19.77,2024-08-23
Karachi,Onion,292.24,47.09,2024-08-06
Mumbai,Carrot,113.65,30.13,2024-08-11
Mumbai,Onion,282.61,46.52,2024-08-19
Delhi,Carrot,388.82,15.74,2024-08-02
Hyderabad,Onion,278.61,36.36,2024-08-04
Karachi,Tomato,371.1,14.86,2024-08-03
Mumbai,Tomato,176.67,37.21,2024-08-17
Mumbai,Carrot,352.14,9.26,2024-08-09
Chennai,Spinach,472.39,6.23,2024-07-31
Hyderabad,Carrot,188.28,7.81,2024-07-29
Delhi,Carrot,238.0,45.91,2024-07-31
Karachi,Carrot,205.99,22.55,2024-08-12
Hyderabad,Onion,183.11,24.6,2024-08-11
Mumbai,Potato,254.7,44.95,2024-08-12
Delhi,Onion,484.79,19.79,2024-07-27
Karachi,Spinach,123.75,47.01,2024-07-31
Hyderabad,Spinach,238.83,33.42,2024-08-05
Chennai,Spinach,105.67,38.47,2024-08-21
Hyderabad,Carrot,499.11,22.94,2024-08-18
Delhi,Spinach,291.05,49.32,2024-08-11
Chennai,Potato,230.44,41.23,2024-08-03
Karachi,Spinach,156.41,48.62,2024-08-19
Karachi,Potato,464.33,47.83,2024-08-05
Delhi,Spinach,372.76,11.44,2024-08-13
Chennai,Onion,280.56,7.9,2024-08-20
Mumbai,Tomato,298.56,46.2,2024-08-11
Delhi,Carrot,346.84,9.54,2024-08-24
Mumbai,Tomato,382.63,37.16,2024-08-23
Mumbai,Carrot,190.07,20.07,2024-07-31
Mumbai,Carrot,170.81,9.57,2024-08-04
Chennai,Tomato,478.2,49.57,2024-08-07
Delhi,Tomato,158.51,46.66,2024-08-05
Delhi,Potato,496.22,17.3,2024-08-21
Delhi,Carrot,57.71,10.02,2024-08-03
Karachi,Onion,367.85,19.93,2024-08-15
Mumbai,Onion,190.78,26.1,2024-08-06
Karachi,Potato,377.86,31.18,2024-08-24
Chennai,Carrot,479.15,15.61,2024-07-26
Mumbai,Spinach,50.92,19.88,2024-08-15
Delhi,Carrot,75.56,32.72,2024-07-29
Delhi,Spinach,320.95,18.28,2024-08-04
Chennai,Tomato,159.83,9.07,2024-08-01
Karachi,Potato,300.61,34.84,2024-08-02
Hyderabad,Spinach,368.03,47.47,2024-08-22
Delhi,Tomato,168.16,49.38,2024-08-19
Chennai,Spinach,160.68,20.64,2024-08-19
Karachi,Onion,365.19,13.65,2024-08-03
Mumbai,Potato,431.15,37.92,2024-08-24
Chennai,Carrot,199.38,40.57,2024-08-22
Delhi,Potato,467.56,43.79,2024-08-05
Chennai,Tomato,227.27,29.12,2024-08-09
Delhi,Onion,460.5,44.71,2024-08-04
Karachi,Spinach,410.73,16.52,2024-07-27
Chennai,Carrot,361.87,31.15,2024-08-22
Karachi,Tomato,123.09,26.88,2024-08-03
Chennai,Onion,238.66,35.27,2024-08-23
Mumbai,Carrot,324.9,11.75,2024-07-28
Chennai,Carrot,358.66,10.29,2024-08-03
Karachi,Carrot,140.9,32.85,2024-07-28
Delhi,Spinach,485.82,18.6,2024-08-05
Mumbai,Onion,72.23,28.65,2024-08-16
Karachi,Potato,343.27,9.38,2024-08-16
Mumbai,Potato,155.36,5.52,2024-08-08
Hyderabad,Spinach,361.28,19.82,2024-07-29
Hyderabad,Carrot,409.19,15.66,2024-08-11
Chennai,Onion,186.53,12.35,2024-08-16
Hyderabad,Onion,487.3,49.16,2024-08-20
Delhi,Onion,323.02,33.7,2024-08-15
Mumbai,Onion,288.36,49.34,2024-07-31
Delhi,Carrot,459.2,8.03,2024-08-19
Mumbai,Tomato,338.67,5.59,2024-08-24
Hyderabad,Spinach,400.72,23.86,2024-08-15
Chennai,Tomato,155.66,13.29,2024-07-29
Delhi,Spinach,330.95,41.52,2024-07-27
Hyderabad,Spinach,203.13,44.0,2024-08-21
Karachi,Tomato,307.35,9.13,2024-08-01
Karachi,Carrot,355.38,28.81,2024-07-26
Karachi,Spinach,94.13,18.73,2024-07-26
Chennai,Carrot,281.12,43.43,2024-08-22
Chennai,Carrot,269.37,48.67,2024-08-03
Karachi,Spinach,327.67,31.05,2024-08-06
Chennai,Carrot,474.67,39.27,2024-08-23
Delhi,Potato,203.71,24.12,2024-08-14
Mumbai,Tomato,184.28,25.32,2024-08-17
Karachi,Carrot,417.45,45.96,2024-08-22
Karachi,Spinach,124.95,21.4,2024-07-27
Delhi,Tomato,109.39,10.81,2024-08-14
Hyderabad,Onion,392.85,36.57,2024-07-27
Karachi,Spinach,61.69,9.5,2024-08-24
Karachi,Onion,149.51,32.71,2024-08-10
Mumbai,Tomato,143.95,31.95,2024-08-14
Delhi,Potato,413.49,49.48,2024-08-03
Chennai,Potato,396.75,43.1,2024-08-16
Chennai,Spinach,211.93,43.78,2024-08-22
Delhi,Potato,131.85,39.77,2024-08-04
Delhi,Spinach,216.71,25.95,2024-08-18
Mumbai,Potato,344.3,11.41,2024-08-05
Karachi,Tomato,382.09,42.91,2024-08-20
Hyderabad,Tomato,128.27,17.62,2024-08-03
Karachi,Potato,208.57,36.71,2024-08-12
Delhi,Tomato,264.1,33.96,2024-08-12
Hyderabad,Carrot,432.33,13.3,2024-08-18
Hyderabad,Potato,110.15,7.64,2024-08-22
Mumbai,Onion,222.94,13.63,2024-08-10
Mumbai,Spinach,373.02,39.68,2024-08-18
Hyderabad,Carrot,53.59,29.4,2024-08-15
Chennai,Spinach,94.68,47.15,2024-08-13
Hyderabad,Potato,280.01,18.12,2024-08-14
Hyderabad,Tomato,178.55,37.11,2024-08-19
Karachi,Potato,287.25,47.61,2024-07-25
Mumbai,Spinach,50.72,9.56,2024-07-26
Mumbai,Carrot,222.58,36.89,2024-08-19
Delhi,Potato,402.31,8.7,2024-07-28
Mumbai,Spinach,172.91,12.89,2024-08-16
Mumbai,Potato,114.28,38.58,2024-08-03
Mumbai,Carrot,169.48,15.07,2024-08-06
Delhi,Carrot,198.13,13.2,2024-07-27
Karachi,Spinach,121.42,9.96,2024-08-24
Karachi,Potato,345.42,18.94,2024-08-19
Karachi,Tomato,212.58,37.23,2024-08-12
Mumbai,Potato,214.6,12.29,2024-08-10
Hyderabad,Potato,455.97,47.03,2024-08-03
Hyderabad,Tomato,265.1,38.98,2024-08-04
Mumbai,Spinach,445.38,23.64,2024-08-01
Delhi,Spinach,273.37,12.46,2024-08-20
Karachi,Spinach,478.66,6.16,2024-08-22
Mumbai,Spinach,328.88,12.52,2024-07-25
Delhi,Carrot,498.45,46.74,2024-08-22
Mumbai,Potato,344.92,6.88,2024-08-24
Karachi,Onion,55.94,28.82,2024-07-25
Delhi,Potato,121.35,48.75,2024-07-27
Mumbai,Potato,399.06,45.45,2024-08-12
Karachi,Potato,200.66,37.39,2024-07-29
Mumbai,Onion,131.77,19.98,2024-08-22
Chennai,Spinach,253.59,21.01,2024-08-06
Delhi,Potato,232.85,30.68,2024-08-11
Delhi,Potato,109.46,26.22,2024-08-03
Karachi,Tomato,462.62,13.91,2024-08-20
Mumbai,Spinach,305.67,13.96,2024-08-03
Chennai,Tomato,308.98,36.58,2024-08-08
Mumbai,Onion,384.99,38.22,2024-08-05
Delhi,Carrot,243.64,43.74,2024-07-28
Karachi,Onion,55.66,16.11,2024-07-30
Chennai,Onion,289.64,39.97,2024-08-09
Mumbai,Carrot,425.23,5.97,2024-08-19
Chennai,Spinach,147.03,44.76,2024-08-16
Karachi,Carrot,207.81,27.15,2024-08-04
Karachi,Carrot,280.71,22.55,2024-08-05
Mumbai,Tomato,56.58,10.79,2024-08-17
Hyderabad,Tomato,367.17,49.51,2024-08-05
Hyderabad,Spinach,292.18,36.47,2024-08-03
Mumbai,Onion,51.99,33.75,2024-08-09
Hyderabad,Carrot,390.42,45.24,2024-08-24
Delhi,Potato,334.88,31.48,2024-08-02
Chennai,Carrot,415.31,15.79,2024-08-20
Delhi,Spinach,241.48,6.24,2024-08-20
Mumbai,Potato,466.2,12.61,2024-08-13
Karachi,Onion,282.33,15.89,2024-08-12
Mumbai,Carrot,183.51,44.14,2024-08-08
Mumbai,Potato,416.41,49.34,2024-07-31
Chennai,Potato,244.53,23.94,2024-07-26
Mumbai,Carrot,165.48,24.42,2024-07-28
Mumbai,Onion,390.39,31.62,2024-08-08
Delhi,Potato,417.32,6.11,2024-08-11
Karachi,Carrot,130.62,29.34,2024-08-07
Mumbai,Carrot,249.02,37.15,2024-08-09
Mumbai,Spinach,494.53,19.84,2024-08-16
Karachi,Carrot,419.04,33.78,2024-08-02
Chennai,Carrot,290.1,5.05,2024-08-09
Delhi,Spinach,495.92,5.77,2024-07-28
Hyderabad,Spinach,316.49,37.81,2024-08-18
Delhi,Tomato,377.42,45.3,2024-08-12
Karachi,Tomato,99.09,23.98,2024-08-03
Karachi,Tomato,408.1,9.65,2024-07-30
Hyderabad,Onion,270.75,26.59,2024-08-17
Mumbai,Carrot,289.89,45.33,2024-08-24
Karachi,Carrot,225.65,30.53,2024-08-12
Mumbai,Spinach,253.67,39.97,2024-08-08
Hyderabad,Tomato,86.56,14.23,2024-07-28
Chennai,Tomato,273.08,6.29,2024-07-28
Hyderabad,Onion,157.37,22.43,2024-08-22
Hyderabad,Onion,261.69,37.39,2024-08-08
Delhi,Carrot,376.68,32.69,2024-08-22
Chennai,Potato,157.13,45.61,2024-08-24
Mumbai,Onion,97.96,8.44,2024-08-03
Hyderabad,Onion,454.03,26.27,2024-08-01
Delhi,Potato,342.68,12.36,2024-08-02
Hyderabad,Carrot,150.87,24.43,2024-08-07
Karachi,Carrot,233.53,38.88,2024-08-07
Karachi,Tomato,228.85,42.93,2024-08-19
Chennai,Onion,471.29,15.87,2024-08-15
Delhi,Potato,493.11,37.81,2024-08-08
Mumbai,Onion,87.9,33.65,2024-08-10
Karachi,Spinach,70.56,46.03,2024-07-28
Chennai,Tomato,415.82,17.39,2024-08-01
Karachi,Onion,490.66,11.43,2024-08-06
Hyderabad,Spinach,102.29,7.95,2024-08-17
Mumbai,Onion,437.11,17.61,2024-08-09
Hyderabad,Carrot,181.24,24.1,2024-08-17
Hyderabad,Onion,323.3,21.82,2024-08-13
Karachi,Onion,98.92,46.71,2024-08-09
Hyderabad,Onion,349.85,22.61,2024-08-09
Hyderabad,Potato,284.05,20.73,2024-08-08
Karachi,Spinach,474.54,25.45,2024-07-31
Hyderabad,Spinach,94.77,5.4,2024-07-31
Mumbai,Potato,283.14,20.07,2024-08-18
Karachi,Potato,115.53,38.09,2024-08-19
Hyderabad,Spinach,352.81,30.86,2024-08-19
Karachi,Onion,143.58,25.45,2024-08-05
Mumbai,Onion,307.14,26.33,2024-08-19
Delhi,Carrot,366.77,45.93,2024-07-25
Mumbai,Carrot,113.79,25.99,2024-08-16
Karachi,Onion,120.11,12.27,2024-07-31
Hyderabad,Carrot,152.68,16.45,2024-07-29
Hyderabad,Tomato,427.72,23.11,2024-07-28
Delhi,Onion,315.0,21.99,2024-07-28
Karachi,Onion,458.51,32.89,2024-08-06
Delhi,Carrot,485.09,31.41,2024-07-30
Delhi,Spinach,67.17,39.3,2024-08-07
Chennai,Tomato,315.37,35.86,2024-07-27
Hyderabad,Tomato,445.63,11.27,2024-08-24
Karachi,Carrot,91.98,8.99,2024-08-05
Hyderabad,Spinach,218.17,16.21,2024-08-07
Chennai,Tomato,252.22,47.84,2024-08-10
Hyderabad,Spinach,142.38,47.02,2024-07-31
Chennai,Onion,461.67,46.52,2024-08-12
Chennai,Onion,410.31,49.85,2024-08-21
Hyderabad,Tomato,340.04,43.0,2024-08-13
Hyderabad,Carrot,137.46,44.92,2024-08-23
Karachi,Carrot,116.62,12.85,2024-08-13
Hyderabad,Carrot,113.62,8.29,2024-08-20
Chennai,Tomato,365.67,11.2,2024-07-28
Delhi,Spinach,383.87,21.28,2024-08-15
Chennai,Tomato,197.22,25.29,2024-08-08
Hyderabad,Carrot,356.67,20.39,2024-08-09
Chennai,Tomato,292.17,40.29,2024-08-06
Mumbai,Tomato,483.8,28.69,2024-07-26
Hyderabad,Potato,263.8,44.41,2024-08-22
Hyderabad,Potato,422.94,46.45,2024-08-24
Hyderabad,Onion,102.48,33.87,2024-08-18
Hyderabad,Carrot,131.12,48.02,2024-08-23
Chennai,Spinach,434.87,36.94,2024-08-12
Hyderabad,Spinach,343.24,21.27,2024-08-05
Karachi,Carrot,332.73,11.11,2024-07-29
Mumbai,Carrot,216.66,36.9,2024-08-20
Karachi,Spinach,252.26,25.07,2024-08-02
Karachi,Spinach,496.6,29.54,2024-08-03
Delhi,Spinach,175.93,19.37,2024-07-30
Chennai,Onion,279.79,36.27,2024-08-09
Mumbai,Spinach,485.36,49.34,2024-08-16
Mumbai,Spinach,392.5,7.47,2024-08-11
Karachi,Tomato,479.21,18.18,2024-08-22
Karachi,Potato,488.54,11.46,2024-08-21
Hyderabad,Onion,450.86,36.43,2024-08-13
Mumbai,Spinach,198.47,12.34,2024-08-23
Karachi,Spinach,190.01,43.86,2024-08-04
Karachi,Tomato,197.46,16.39,2024-08-21
Chennai,Onion,103.77,36.01,2024-08-17
Hyderabad,Onion,484.36,49.61,2024-08-11
Chennai,Onion,185.99,35.25,2024-08-21
Mumbai,Carrot,119.05,7.55,2024-08-18
Chennai,Carrot,203.32,33.24,2024-08-12
Mumbai,Carrot,494.16,22.17,2024-08-12
Hyderabad,Carrot,195.5,49.67,2024-08-01
Mumbai,Potato,394.16,34.97,2024-08-06
Delhi,Potato,226.78,46.71,2024-07-30
Chennai,Onion,115.15,44.49,2024-08-14
Chennai,Onion,289.98,41.02,2024-08-23
Delhi,Spinach,441.59,6.59,2024-07-29
Delhi,Onion,237.18,31.65,2024-07-25
Delhi,Onion,484.44,18.22,2024-08-11
Karachi,Spinach,486.47,5.62,2024-08-04
Karachi,Potato,449.32,39.79,2024-08-20
Mumbai,Carrot,273.54,48.32,2024-08-16
Delhi,Potato,444.07,31.09,2024-08-16
Mumbai,Spinach,178.4,32.14,2024-07-31
Hyderabad,Spinach,336.88,46.7,2024-08-05
Karachi,Tomato,254.2,19.26,2024-07-31
Delhi,Potato,473.58,13.42,2024-08-16
Karachi,Potato,117.88,44.66,2024-07-28
Mumbai,Onion,443.05,48.3,2024-08-03
Hyderabad,Tomato,317.5,7.14,2024-08-24
Karachi,Potato,488.11,49.19,2024-08-08
Hyderabad,Onion,54.51,6.57,2024-08-07
Chennai,Tomato,245.87,49.52,2024-08-03
Chennai,Carrot,258.65,25.28,2024-08-05
Delhi,Carrot,324.28,28.78,2024-08-13
Mumbai,Carrot,363.42,44.14,2024-08-02
Mumbai,Spinach,211.51,37.45,2024-08-09
Mumbai,Carrot,485.35,40.56,2024-08-16
Hyderabad,Onion,320.06,34.31,2024-07-28
Chennai,Potato,377.79,43.72,2024-08-11
Hyderabad,Carrot,216.58,9.24,2024-07-25
Hyderabad,Onion,404.54,28.18,2024-07-26
Delhi,Spinach,227.31,7.54,2024-08-11
Chennai,Carrot,88.92,30.64,2024-08-11
Hyderabad,Spinach,202.05,21.42,2024-08-24
Hyderabad,Tomato,330.73,5.1,2024-08-24
Mumbai,Onion,69.71,5.93,2024-08-22
Chennai,Carrot,203.44,41.66,2024-08-05
Mumbai,Spinach,421.38,38.68,2024-08-02
Karachi,Potato,73.06,15.2,2024-08-17
Mumbai,Tomato,400.66,10.74,2024-08-03
Chennai,Potato,498.07,46.9,2024-08-04
Hyderabad,Onion,297.41,45.1,2024-08-06
Karachi,Onion,119.54,11.06,2024-08-16
Chennai,Carrot,307.76,10.62,2024-08-09
Hyderabad,Onion,87.63,9.81,2024-08-06
Mumbai,Tomato,162.78,23.36,2024-07-26
Karachi,Potato,351.02,36.66,2024-08-16
Hyderabad,Carrot,75.36,17.66,2024-08-15
Karachi,Carrot,396.04,40.55,2024-08-23
Karachi,Tomato,375.51,40.12,2024-08-01
Karachi,Carrot,63.73,9.95,2024-08-04
Karachi,Carrot,259.23,7.6,2024-07-31
Hyderabad,Carrot,198.99,9.62,2024-07-25
Mumbai,Potato,482.22,46.25,2024-08-19
Karachi,Onion,145.11,7.84,2024-08-12
Mumbai,Onion,293.83,17.35,2024-07-29
Chennai,Spinach,282.56,47.01,2024-08-17
Hyderabad,Spinach,94.38,13.31,2024-08-13
Hyderabad,Carrot,274.44,16.71,2024-08-09
Hyderabad,Spinach,333.4,14.95,2024-08-14
Delhi,Potato,222.99,11.32,2024-08-11
Hyderabad,Onion,128.94,40.61,2024-07-31
Mumbai,Onion,386.48,42.18,2024-08-04
Delhi,Onion,498.5,48.85,2024-08-07
Chennai,Carrot,395.15,45.2,2024-08-14
Delhi,Onion,193.81,43.49,2024-07-31
Hyderabad,Tomato,297.84,22.27,2024-07-28
Chennai,Carrot,325.53,27.03,2024-08-04
Hyderabad,Potato,63.23,30.88,2024-08-23
Karachi,Carrot,233.19,28.14,2024-08-16
Mumbai,Spinach,174.88,37.46,2024-08-14
Hyderabad,Onion,345.66,19.37,2024-08-07
Chennai,Carrot,337.69,20.81,2024-08-12
Karachi,Tomato,194.55,15.13,2024-08-19
Hyderabad,Onion,461.98,13.48,2024-08-11
Delhi,Spinach,197.32,28.26,2024-08-07
Chennai,Onion,224.64,33.15,2024-07-31
Hyderabad,Spinach,289.24,49.4,2024-08-16
Delhi,Tomato,81.56,44.73,2024-08-23
Delhi,Potato,450.35,40.45,2024-07-25
Mumbai,Potato,330.56,32.04,2024-08-20
Hyderabad,Onion,108.68,36.71,2024-08-20
Delhi,Tomato,152.04,10.73,2024-08-23
Delhi,Potato,255.57,32.27,2024-08-11
Delhi,Spinach,380.22,12.99,2024-08-12
Karachi,Spinach,401.64,48.54,2024-08-17
Chennai,Potato,114.69,15.02,2024-08-15
Karachi,Onion,58.08,17.71,2024-07-30
Chennai,Tomato,118.14,36.88,2024-07-28
Karachi,Onion,168.53,17.69,2024-08-16
Mumbai,Onion,325.83,40.2,2024-08-09
Karachi,Onion,304.54,24.58,2024-08-15
Chennai,Onion,459.24,45.91,2024-08-20
Chennai,Spinach,162.88,42.95,2024-08-17
Delhi,Tomato,62.22,17.29,2024-08-16
Mumbai,Spinach,103.46,9.24,2024-08-24
Hyderabad,Onion,92.63,23.62,2024-07-25
Delhi,Tomato,200.41,25.35,2024-08-06
Chennai,Carrot,261.35,35.12,2024-08-10
Delhi,Onion,421.15,37.54,2024-08-15
Mumbai,Onion,278.29,11.13,2024-08-23
Mumbai,Carrot,465.82,32.88,2024-08-02
Mumbai,Carrot,160.61,13.56,2024-07-25
Mumbai,Potato,265.17,43.1,2024-08-21
Mumbai,Carrot,125.1,33.08,2024-08-20
Karachi,Tomato,370.01,28.55,2024-08-01
Karachi,Carrot,285.33,10.48,2024-08-05
Karachi,Spinach,245.26,49.83,2024-07-27
Chennai,Tomato,368.81,20.87,2024-08-23
Delhi,Carrot,131.26,48.45,2024-08-18
Hyderabad,Tomato,435.4,30.85,2024-07-29
Mumbai,Carrot,470.64,35.67,2024-07-30
Delhi,Onion,215.54,10.99,2024-08-09
Chennai,Onion,342.92,40.98,2024-08-07
Chennai,Spinach,461.26,19.48,2024-08-16
Mumbai,Potato,266.44,28.59,2024-08-21
Mumbai,Tomato,228.22,36.95,2024-07-25
Delhi,Carrot,362.58,31.01,2024-08-22
Hyderabad,Spinach,109.74,5.34,2024-08-10
Karachi,Potato,258.62,22.15,2024-08-01
Delhi,Onion,213.62,47.36,2024-08-18
Mumbai,Onion,453.15,36.46,2024-08-06
Chennai,Tomato,384.16,45.23,2024-08-04
Hyderabad,Potato,241.73,43.8,2024-08-12
Chennai,Onion,371.19,22.51,2024-08-18
Hyderabad,Onion,203.21,19.44,2024-08-01
Delhi,Carrot,259.68,7.73,2024-08-23
Chennai,Tomato,202.45,34.33,2024-08-13
Chennai,Spinach,425.21,9.12,2024-07-28
Mumbai,Onion,350.15,6.74,2024-08-03
Mumbai,Onion,52.48,42.51,2024-07-25
Karachi,Potato,293.29,38.87,2024-08-21
Delhi,Spinach,470.83,39.49,2024-07-31
Mumbai,Carrot,333.14,34.22,2024-08-17
Mumbai,Onion,498.11,47.76,2024-08-06
Mumbai,Tomato,179.42,36.14,2024-07-29
Chennai,Tomato,388.14,11.51,2024-08-05
Delhi,Tomato,225.5,29.51,2024-07-28
Delhi,Onion,289.71,26.27,2024-08-22
Mumbai,Potato,386.42,5.19,2024-08-24
Hyderabad,Potato,398.02,32.12,2024-08-16
Mumbai,Carrot,115.54,46.69,2024-08-15
Delhi,Onion,58.19,22.89,2024-08-14
Mumbai,Carrot,465.9,8.07,2024-08-20
Karachi,Potato,369.37,6.69,2024-07-26
Karachi,Potato,217.05,21.78,2024-08-18
Chennai,Potato,273.65,43.98,2024-07-26
Hyderabad,Spinach,408.29,29.69,2024-08-18
Karachi,Carrot,403.49,32.48,2024-08-03
Hyderabad,Onion,412.52,42.83,2024-08-01
Hyderabad,Potato,435.44,7.84,2024-08-16
Chennai,Carrot,188.84,35.16,2024-08-06
Karachi,Potato,486.44,31.05,2024-08-21
Delhi,Carrot,359.71,43.06,2024-08-12
Delhi,Potato,295.84,22.76,2024-08-21
Karachi,Onion,201.43,15.4,2024-08-13
Hyderabad,Carrot,400.48,14.65,2024-08-06
Delhi,Tomato,407.92,25.4,2024-07-27
Hyderabad,Onion,468.78,42.93,2024-08-10
Delhi,Tomato,274.41,42.73,2024-08-19
Delhi,Onion,439.11,22.46,2024-07-31
Hyderabad,Spinach,102.35,41.39,2024-08-21
Karachi,Onion,168.0,30.32,2024-07-30
Delhi,Potato,484.29,12.22,2024-07-30
Chennai,Carrot,377.63,43.61,2024-08-17
Chennai,Onion,101.68,34.79,2024-07-27
Karachi,Potato,248.81,35.17,2024-07-25
Mumbai,Onion,444.49,5.3,2024-07-29
Karachi,Onion,95.69,36.77,2024-08-21
Karachi,Carrot,425.58,6.84,2024-08-21
Karachi,Tomato,497.65,25.99,2024-08-17
Hyderabad,Potato,357.16,10.87,2024-08-22
Chennai,Potato,127.01,25.96,2024-08-17
Delhi,Spinach,442.22,39.98,2024-08-09
Karachi,Potato,205.04,17.29,2024-08-24
Delhi,Potato,476.37,33.65,2024-07-29
Chennai,Onion,253.63,44.62,2024-08-02
Mumbai,Onion,338.2,5.5,2024-07-29
Delhi,Carrot,211.69,43.22,2024-08-02
Delhi,Tomato,195.27,31.46,2024-08-01
Chennai,Onion,479.3,33.72,2024-08-13
Delhi,Onion,263.06,30.91,2024-08-23
Karachi,Tomato,329.93,25.07,2024-08-09
Mumbai,Tomato,192.75,46.73,2024-08-07
Karachi,Carrot,306.03,5.39,2024-08-22
Mumbai,Carrot,430.55,43.5,2024-08-09
Delhi,Carrot,360.69,33.43,2024-07-30
Hyderabad,Carrot,431.06,25.15,2024-08-22
Hyderabad,Tomato,264.99,33.99,2024-07-25
Mumbai,Carrot,77.5,31.05,2024-08-11
Karachi,Spinach,407.56,39.99,2024-08-01
Delhi,Potato,98.91,31.96,2024-08-03
Delhi,Potato,145.48,45.82,2024-08-15
Karachi,Potato,290.56,22.18,2024-08-15
Mumbai,Potato,183.28,42.46,2024-07-31
Delhi,Spinach,325.78,23.22,2024-08-20
Mumbai,Potato,253.29,29.45,2024-08-10
Delhi,Spinach,343.12,12.12,2024-08-24
Chennai,Spinach,235.62,46.4,2024-08-13
Mumbai,Onion,404.82,19.41,2024-07-28
Mumbai,Spinach,261.63,8.36,2024-08-10
Chennai,Spinach,420.84,35.2,2024-07-25
Delhi,Tomato,460.92,39.0,2024-08-14
Mumbai,Carrot,215.28,5.87,2024-08-22
Delhi,Tomato,410.29,18.65,2024-08-23
Chennai,Potato,138.8,38.03,2024-08-24
Hyderabad,Carrot,204.65,14.5,2024-08-24
Hyderabad,Tomato,197.8,47.37,2024-07-25
Mumbai,Onion,451.73,47.04,2024-08-03
Chennai,Carrot,282.68,13.61,2024-08-17
Mumbai,Spinach,402.22,9.0,2024-07-30
Karachi,Potato,61.14,23.09,2024-08-06
Hyderabad,Spinach,457.77,6.79,2024-08-06
Delhi,Onion,178.76,25.78,2024-08-16
Chennai,Tomato,110.63,43.93,2024-07-26
Delhi,Potato,72.31,33.79,2024-08-21
Karachi,Onion,410.21,26.01,2024-08-08
Hyderabad,Onion,63.45,37.77,2024-08-18
Chennai,Onion,122.59,47.94,2024-08-21
Hyderabad,Tomato,255.03,32.66,2024-07-29
Chennai,Potato,203.48,35.84,2024-08-21
Karachi,Onion,397.46,42.25,2024-08-18
Hyderabad,Carrot,142.9,34.57,2024-08-17
Karachi,Potato,275.85,25.08,2024-08-13
Karachi,Spinach,324.2,49.34,2024-08-04
Chennai,Potato,337.6,29.25,2024-07-30
Delhi,Tomato,260.95,41.59,2024-08-11
Hyderabad,Potato,193.99,36.52,2024-08-24
Delhi,Onion,72.77,43.41,2024-07-28
Chennai,Onion,493.25,39.28,2024-08-10
Mumbai,Carrot,52.45,6.59,2024-08-14
Karachi,Onion,240.38,19.89,2024-07-30
Chennai,Tomato,112.86,14.75,2024-08-04
Delhi,Tomato,218.2,18.06,2024-07-25
Hyderabad,Carrot,494.45,31.2,2024-08-04
Karachi,Tomato,243.23,10.04,2024-08-08
Delhi,Onion,283.75,14.02,2024-08-09
Karachi,Spinach,344.61,10.87,2024-08-04
Mumbai,Carrot,95.19,47.49,2024-07-27
Karachi,Potato,238.43,5.01,2024-08-06
Hyderabad,Spinach,275.07,22.96,2024-08-02
Delhi,Carrot,440.47,49.46,2024-07-25
Delhi,Tomato,50.28,13.04,2024-07-28
Karachi,Spinach,376.21,34.67,2024-07-28
Mumbai,Tomato,477.27,25.46,2024-08-13
Karachi,Spinach,121.06,31.12,2024-08-23
Delhi,Potato,395.01,47.04,2024-08-24
Mumbai,Carrot,125.19,28.46,2024-07-30
Hyderabad,Carrot,260.06,7.92,2024-08-09
Mumbai,Potato,139.78,10.14,2024-08-19
Mumbai,Spinach,280.9,43.9,2024-08-20
Delhi,Carrot,457.33,29.79,2024-08-07
Mumbai,Potato,253.68,29.44,2024-08-15
Chennai,Potato,354.55,23.52,2024-07-26
Karachi,Tomato,268.24,12.28,2024-07-28
Delhi,Carrot,270.25,5.41,2024-08-15
Delhi,Potato,245.19,26.93,2024-08-22
Chennai,Carrot,341.6,6.48,2024-08-15
Mumbai,Tomato,99.64,23.08,2024-08-06
Chennai,Potato,233.21,42.02,2024-07-30
Chennai,Potato,137.87,17.22,2024-08-09
Mumbai,Carrot,403.97,6.52,2024-08-14
Hyderabad,Onion,484.63,20.72,2024-08-15
Karachi,Onion,85.62,47.51,2024-08-20
Mumbai,Tomato,459.55,48.4,2024-08-21
Delhi,Potato,420.3,29.29,2024-08-24
Chennai,Onion,397.65,20.73,2024-07-27
Chennai,Onion,135.58,47.62,2024-07-28
Delhi,Onion,408.45,12.05,2024-08-08
Karachi,Onion,287.27,20.26,2024-08-24
Hyderabad,Spinach,387.47,42.4,2024-08-13
Delhi,Potato,274.65,43.16,2024-07-28
Hyderabad,Potato,65.11,36.5,2024-08-05
Hyderabad,Onion,490.16,5.77,2024-08-01
Delhi,Tomato,310.97,41.65,2024-08-15
Karachi,Spinach,157.16,37.03,2024-08-18
Mumbai,Onion,475.99,28.83,2024-08-24
Chennai,Potato,272.32,32.52,2024-08-01
Karachi,Potato,345.0,16.54,2024-08-03
Hyderabad,Tomato,306.28,21.45,2024-08-08
Mumbai,Carrot,355.94,10.75,2024-08-18
Hyderabad,Onion,355.29,19.07,2024-08-09
Mumbai,Potato,183.03,26.64,2024-08-17
Hyderabad,Carrot,121.98,37.19,2024-08-02
Karachi,Spinach,475.39,37.63,2024-08-07
Mumbai,Potato,315.85,17.18,2024-08-19
Hyderabad,Onion,231.1,19.34,2024-08-03
Chennai,Tomato,306.59,46.37,2024-08-01
Delhi,Spinach,85.45,36.95,2024-08-05
Delhi,Potato,225.97,19.89,2024-08-03
Delhi,Tomato,460.89,29.54,2024-08-17
Hyderabad,Potato,188.61,5.62,2024-08-10
Chennai,Carrot,182.95,32.43,2024-08-03
Mumbai,Tomato,471.12,38.23,2024-08-13
Mumbai,Potato,65.9,18.92,2024-08-16
Mumbai,Carrot,441.16,15.63,2024-08-07
Mumbai,Potato,449.8,6.04,2024-08-20
Delhi,Tomato,356.51,41.17,2024-08-09
Mumbai,Spinach,69.26,35.36,2024-07-26
Delhi,Spinach,166.77,37.29,2024-08-24
Hyderabad,Onion,406.58,21.95,2024-08-20
Mumbai,Onion,150.93,26.8,2024-08-13
Delhi,Spinach,278.17,21.33,2024-08-23
Hyderabad,Onion,388.56,33.82,2024-08-17
Karachi,Onion,434.3,28.47,2024-07-30
Mumbai,Tomato,286.56,14.39,2024-08-04
Mumbai,Potato,106.47,10.26,2024-08-10
Chennai,Carrot,132.58,8.84,2024-08-09
Hyderabad,Spinach,443.53,44.95,2024-08-22
Hyderabad,Carrot,129.12,31.58,2024-07-29
Delhi,Carrot,272.62,39.04,2024-08-12
Karachi,Potato,116.64,27.23,2024-08-14
Karachi,Potato,75.9,16.68,2024-07-27
Mumbai,Potato,258.2,38.11,2024-08-02
Mumbai,Carrot,86.59,18.86,2024-08-17
Hyderabad,Onion,139.15,9.01,2024-08-19
Delhi,Onion,319.28,30.29,2024-08-15
Hyderabad,Onion,129.19,29.5,2024-07-31
Karachi,Spinach,146.11,47.9,2024-08-10
Delhi,Tomato,414.11,10.85,2024-07-29
Hyderabad,Spinach,178.6,25.17,2024-08-20
Karachi,Carrot,329.03,39.79,2024-08-03
Chennai,Spinach,217.98,45.41,2024-07-27
Hyderabad,Onion,163.89,43.46,2024-08-20
Chennai,Spinach,379.85,18.72,2024-08-10
Chennai,Tomato,399.05,14.71,2024-08-18
Delhi,Carrot,420.51,5.75,2024-08-24
Mumbai,Potato,139.43,9.37,2024-08-04
Hyderabad,Onion,342.57,48.59,2024-07-29
Chennai,Onion,204.96,12.59,2024-08-06
Delhi,Onion,448.04,32.89,2024-08-02
Mumbai,Carrot,239.2,22.07,2024-08-07
Delhi,Potato,150.51,41.72,2024-08-09
Delhi,Onion,56.24,25.62,2024-08-06
Karachi,Spinach,93.95,45.69,2024-08-16
Chennai,Onion,211.04,31.22,2024-07-27
Karachi,Onion,194.34,38.03,2024-08-22
Karachi,Potato,247.89,20.6,2024-08-16
Karachi,Onion,459.14,5.58,2024-08-18
Karachi,Spinach,370.54,35.53,2024-07-29
Delhi,Tomato,331.98,42.05,2024-08-21
Mumbai,Spinach,113.69,17.88,2024-08-14
Mumbai,Onion,467.03,32.54,2024-08-21
Hyderabad,Carrot,151.9,31.45,2024-07-30
Mumbai,Carrot,461.32,27.68,2024-08-19
Delhi,Spinach,217.96,26.03,2024-08-13
Mumbai,Onion,118.11,21.29,2024-07-28
Mumbai,Potato,191.73,18.84,2024-07-30
Chennai,Tomato,116.9,8.81,2024-08-18
Hyderabad,Potato,453.41,35.58,2024-07-30
Delhi,Spinach,319.76,36.85,2024-08-09
Delhi,Tomato,154.8,43.64,2024-08-16
Chennai,Spinach,435.62,18.04,2024-08-13
Mumbai,Tomato,131.69,16.86,2024-08-12
Delhi,Onion,460.64,26.91,2024-07-27
Karachi,Onion,192.25,29.04,2024-08-18
Karachi,Onion,332.67,5.89,2024-07-27
Delhi,Carrot,104.31,21.21,2024-08-01
Delhi,Tomato,106.37,18.09,2024-08-22
Hyderabad,Tomato,411.72,32.78,2024-08-04
Mumbai,Carrot,437.64,14.08,2024-08-12
Karachi,Onion,351.82,47.65,2024-08-14
Mumbai,Carrot,425.9,39.65,2024-08-15
Mumbai,Carrot,250.85,18.11,2024-08-08
Mumbai,Carrot,296.56,26.79,2024-08-10
Delhi,Spinach,99.95,29.93,2024-08-21
Mumbai,Carrot,301.84,22.69,2024-08-12
Hyderabad,Tomato,275.14,41.89,2024-07-25
Hyderabad,Spinach,198.62,43.25,2024-08-02
Chennai,Spinach,390.73,43.23,2024-08-05
Karachi,Onion,67.11,35.88,2024-08-18
Chennai,Potato,229.6,47.32,2024-08-03
Delhi,Onion,135.4,40.23,2024-08-11
Chennai,Spinach,201.38,41.1,2024-08-18
Mumbai,Tomato,449.47,30.39,2024-08-23
Mumbai,Potato,408.93,22.89,2024-08-06
Chennai,Tomato,413.48,17.67,2024-07-28
Hyderabad,Potato,96.3,16.06,2024-07-30
Mumbai,Tomato,166.65,29.44,2024-07-29
Chennai,Onion,351.93,11.61,2024-08-02
Mumbai,Onion,446.74,20.78,2024-08-10
Mumbai,Carrot,310.32,36.85,2024-08-17
Chennai,Tomato,378.4,6.2,2024-08-22
Delhi,Tomato,342.13,9.35,2024-08-12
Mumbai,Spinach,266.18,19.26,2024-08-12
Hyderabad,Tomato,326.49,11.32,2024-08-23
Hyderabad,Potato,122.64,15.25,2024-08-06
Hyderabad,Onion,322.24,17.85,2024-08-24
Chennai,Potato,367.76,10.67,2024-08-03
Delhi,Carrot,201.36,5.85,2024-08-01
Delhi,Potato,463.26,6.59,2024-07-29
Delhi,Potato,250.15,46.05,2024-08-13
Karachi,Spinach,268.79,49.47,2024-08-15
Delhi,Spinach,211.77,7.83,2024-08-20
Mumbai,Carrot,257.74,32.37,2024-07-28
Delhi,Carrot,95.15,14.97,2024-08-23
Chennai,Carrot,181.03,44.32,2024-07-26
Karachi,Onion,300.81,12.52,2024-08-12
Mumbai,Onion,144.67,23.8,2024-07-31
Hyderabad,Potato,356.6,6.11,2024-08-23
Mumbai,Tomato,181.65,8.77,2024-08-19
Karachi,Potato,57.24,37.98,2024-08-08
Karachi,Potato,306.86,16.72,2024-07-25
Chennai,Potato,237.57,25.49,2024-07-25
Karachi,Carrot,239.21,31.75,2024-08-16
Karachi,Carrot,450.47,49.76,2024-07-28
Chennai,Spinach,55.27,42.26,2024-08-13
Chennai,Spinach,478.06,49.67,2024-08-20
Karachi,Onion,78.19,25.68,2024-08-10
Hyderabad,Carrot,270.29,45.17,2024-07-28
Chennai,Onion,98.13,45.35,2024-08-22
Karachi,Tomato,246.88,8.27,2024-08-02
Chennai,Onion,215.01,39.44,2024-07-25
Mumbai,Potato,160.22,28.8,2024-08-22
Chennai,Spinach,213.75,18.04,2024-08-15
Hyderabad,Carrot,363.75,5.31,2024-08-19
Hyderabad,Potato,453.28,44.39,2024-08-11
Mumbai,Potato,441.67,7.6,2024-08-01
Karachi,Carrot,124.58,34.0,2024-07-30
Mumbai,Potato,221.64,45.22,2024-08-08
Chennai,Onion,69.62,48.86,2024-08-05
Mumbai,Onion,467.9,42.77,2024-08-04
Chennai,Carrot,134.77,14.39,2024-07-28
Hyderabad,Spinach,199.57,32.89,2024-08-09
Mumbai,Onion,335.78,28.03,2024-07-26
Hyderabad,Spinach,340.28,34.24,2024-08-18
Hyderabad,Carrot,378.61,47.76,2024-08-11
Mumbai,Carrot,225.89,35.39,2024-08-02
Hyderabad,Tomato,151.59,45.53,2024-08-21
Delhi,Tomato,440.61,33.24,2024-08-23
Chennai,Carrot,463.47,7.75,2024-08-06
Hyderabad,Carrot,193.73,33.98,2024-07-25
Delhi,Potato,490.15,47.52,2024-08-23
Hyderabad,Potato,263.03,15.69,2024-08-12
Delhi,Tomato,315.9,19.94,2024-08-01
Mumbai,Tomato,468.7,20.31,2024-07-27
Delhi,Carrot,219.95,22.14,2024-08-21
Chennai,Carrot,442.24,47.32,2024-08-17
Hyderabad,Spinach,206.59,8.04,2024-08-17
Mumbai,Tomato,181.59,30.42,2024-08-20
Karachi,Tomato,379.43,34.7,2024-07-26
Karachi,Onion,281.32,32.31,2024-07-30
Karachi,Carrot,257.21,15.75,2024-08-20
Karachi,Onion,54.47,28.64,2024-08-14
Hyderabad,Onion,179.08,24.69,2024-07-30
Chennai,Carrot,483.11,15.24,2024-08-16
Mumbai,Tomato,96.08,32.12,2024-07-25
Delhi,Onion,110.0,18.6,2024-08-16
Mumbai,Tomato,360.94,43.21,2024-08-05
Mumbai,Carrot,133.07,22.45,2024-08-03
Mumbai,Carrot,463.23,48.98,2024-08-07
Hyderabad,Carrot,345.97,12.1,2024-08-12
Karachi,Tomato,88.61,10.08,2024-07-25
Hyderabad,Tomato,331.07,13.58,2024-08-15
Hyderabad,Tomato,260.5,24.51,2024-08-23
Karachi,Carrot,448.05,10.68,2024-08-02
Delhi,Onion,246.75,46.66,2024-08-24
Karachi,Potato,158.79,43.2,2024-08-19
Delhi,Carrot,330.79,27.03,2024-08-14
Hyderabad,Potato,480.94,7.16,2024-08-05
Karachi,Onion,497.2,30.13,2024-07-27
Karachi,Spinach,265.97,10.35,2024-07-25
Chennai,Spinach,384.07,22.1,2024-08-05
Mumbai,Carrot,431.89,36.63,2024-08-09
Delhi,Potato,194.77,38.69,2024-07-26
Chennai,Potato,403.56,25.56,2024-07-31
Hyderabad,Tomato,439.48,33.98,2024-08-19
Delhi,Carrot,215.24,5.17,2024-08-21
Hyderabad,Spinach,430.61,43.52,2024-08-10
Karachi,Carrot,293.02,13.14,2024-08-10
Chennai,Spinach,192.63,39.08,2024-07-25
Hyderabad,Spinach,340.35,12.74,2024-08-14
Mumbai,Onion,473.0,46.5,2024-07-27
Delhi,Tomato,255.32,22.05,2024-08-09
Chennai,Spinach,74.9,35.41,2024-07-26
Chennai,Spinach,244.22,9.61,2024-08-11
Karachi,Onion,339.94,35.39,2024-08-08
Mumbai,Potato,418.11,38.63,2024-08-08
Chennai,Spinach,164.6,38.71,2024-08-08
Hyderabad,Carrot,450.87,49.14,2024-08-08
Delhi,Potato,197.84,16.07,2024-08-08
Delhi,Spinach,214.22,10.74,2024-08-14
Hyderabad,Spinach,340.5,29.09,2024-07-28
Karachi,Tomato,359.95,15.42,2024-08-18
Chennai,Carrot,395.46,23.33,2024-08-18
Mumbai,Tomato,495.52,47.98,2024-07-28
Karachi,Spinach,112.15,5.31,2024-08-18
Mumbai,Tomato,92.53,20.74,2024-08-07
Delhi,Onion,55.42,37.63,2024-07-27
Karachi,Potato,79.17,38.38,2024-07-25
Mumbai,Tomato,103.11,48.83,2024-08-14
Hyderabad,Carrot,342.09,45.82,2024-08-15
Hyderabad,Potato,419.83,42.24,2024-07-31
Karachi,Onion,269.63,10.04,2024-07-26
Karachi,Tomato,158.23,16.06,2024-08-20
Delhi,Tomato,235.59,38.13,2024-08-23
Delhi,Spinach,125.56,37.18,2024-08-23
Karachi,Onion,315.1,19.52,2024-08-03
Hyderabad,Carrot,83.81,24.2,2024-08-18
Delhi,Tomato,482.68,31.46,2024-08-06
Mumbai,Onion,364.43,14.34,2024-08-15
Delhi,Spinach,161.08,16.72,2024-08-06
Hyderabad,Onion,313.43,43.91,2024-08-14
Karachi,Carrot,98.05,31.95,2024-08-12
Delhi,Potato,441.72,9.62,2024-08-16
Mumbai,Onion,303.0,39.6,2024-08-19
Karachi,Tomato,111.66,44.45,2024-08-04
Hyderabad,Tomato,296.35,32.92,2024-08-14
Delhi,Onion,441.19,6.32,2024-07-27
Mumbai,Tomato,122.73,18.24,2024-07-26
